0,label
datasets/Oral_5_20/karan.p/4999_POPR0270.csv,0
datasets/Oral_5_20/karan.p/POPR0093.csv,0
datasets/Oral_5_20/karan.p/5000_POPR0271.csv,0
datasets/Oral_5_20/karan.p/5635_POPR0424.csv,1
datasets/Oral_5_20/karan.p/POPR0177.csv,0
datasets/Oral_5_20/karan.p/5656_POPR0444.csv,0
datasets/Oral_5_20/karan.p/POPR0213.csv,1
datasets/Oral_5_20/karan.p/5467_POPR0346.csv,0
datasets/Oral_5_20/karan.p/5452_POPR0330.csv,0
datasets/Oral_5_20/karan.p/5612_POPR0397.csv,0
datasets/Oral_5_20/karan.p/5659_POPR0445.csv,0
datasets/Oral_5_20/karan.p/POPR0184.csv,0
datasets/Oral_5_20/karan.p/5426_POPR0302.csv,0
datasets/Oral_5_20/karan.p/5070_POPR0284.csv,1
datasets/Oral_5_20/karan.p/POPR0164.csv,1
datasets/Oral_5_20/karan.p/POPR0053.csv,1
datasets/Oral_5_20/karan.p/POPR0086.csv,0
datasets/Oral_5_20/karan.p/POPR0120.csv,0
datasets/Oral_5_20/karan.p/POPR0149.csv,1
datasets/Oral_5_20/karan.p/5661_POPR0449.csv,1
datasets/Oral_5_20/karan.p/4990_POPR0264.csv,1
datasets/Oral_5_20/karan.p/5068_POPR0282.csv,0
datasets/Oral_5_20/karan.p/5073_POPR0287.csv,0
datasets/Oral_5_20/karan.p/POPR0061.csv,1
datasets/Oral_5_20/karan.p/POPR0081.csv,0
datasets/Oral_5_20/karan.p/5628_POPR0416.csv,0
datasets/Oral_5_20/karan.p/5447_POPR0323.csv,0
datasets/Oral_5_20/karan.p/POPR0188.csv,0
datasets/Oral_5_20/karan.p/4980_POPR0253.csv,1
datasets/Oral_5_20/karan.p/5597_POPR0412.csv,0
datasets/Oral_5_20/karan.p/POPR0146.csv,0
datasets/Oral_5_20/karan.p/POPR0197.csv,1
datasets/Oral_5_20/karan.p/POPR0029.csv,1
datasets/Oral_5_20/karan.p/POPR0162.csv,1
datasets/Oral_5_20/karan.p/POPR0096.csv,1
datasets/Oral_5_20/karan.p/4978_POPR0251.csv,0
datasets/Oral_5_20/karan.p/5565_POPR0349.csv,0
datasets/Oral_5_20/karan.p/5444_POPR0320.csv,0
datasets/Oral_5_20/karan.p/5594_POPR0378.csv,0
datasets/Oral_5_20/karan.p/5435_POPR0311.csv,1
datasets/Oral_5_20/karan.p/5002_POPR0273.csv,1
datasets/Oral_5_20/karan.p/POPR0132.csv,1
datasets/Oral_5_20/karan.p/POPR0030.csv,1
datasets/Oral_5_20/karan.p/POPR0220.csv,1
datasets/Oral_5_20/karan.p/5064_POPR0278.csv,1
datasets/Oral_5_20/karan.p/5630_POPR0418.csv,0
datasets/Oral_5_20/karan.p/4996_POPR0258.csv,1
datasets/Oral_5_20/karan.p/POPR0141.csv,0
datasets/Oral_5_20/karan.p/5688_POPR0420.csv,0
datasets/Oral_5_20/karan.p/5434_POPR0310.csv,1
datasets/Oral_5_20/karan.p/POPR0143.csv,1
datasets/Oral_5_20/karan.p/4972_POPR0246.csv,1
datasets/Oral_5_20/karan.p/5679_POPR0381.csv,0
datasets/Oral_5_20/karan.p/POPR0153.csv,1
datasets/Oral_5_20/karan.p/POPR0077.csv,0
datasets/Oral_5_20/karan.p/5639_POPR0428.csv,0
datasets/Oral_5_20/karan.p/POPR0236.csv,1
datasets/Oral_5_20/karan.p/5071_POPR0285.csv,1
datasets/Oral_5_20/karan.p/5433_POPR0309.csv,1
datasets/Oral_5_20/karan.p/POPR0219.csv,1
datasets/Oral_5_20/karan.p/5657_POPR0446.csv,0
datasets/Oral_5_20/karan.p/POPR0041.csv,0
datasets/Oral_5_20/karan.p/POPR0217.csv,1
datasets/Oral_5_20/karan.p/POPR0083.csv,0
datasets/Oral_5_20/karan.p/POPR0050.csv,1
datasets/Oral_5_20/karan.p/5940_POPR0465.csv,1
datasets/Oral_5_20/karan.p/POPR0134.csv,0
datasets/Oral_5_20/karan.p/POPR0185.csv,0
datasets/Oral_5_20/karan.p/POPR0147.csv,0
datasets/Oral_5_20/karan.p/4988_POPR0262.csv,0
datasets/Oral_5_20/karan.p/POPR0204.csv,1
datasets/Oral_5_20/karan.p/POPR0182.csv,0
datasets/Oral_5_20/karan.p/POPR0148.csv,0
datasets/Oral_5_20/karan.p/POPR0200.csv,0
datasets/Oral_5_20/karan.p/5590_POPR0374.csv,0
datasets/Oral_5_20/karan.p/5607_POPR0392.csv,0
datasets/Oral_5_20/karan.p/POPR0166.csv,1
datasets/Oral_5_20/karan.p/POPR0123.csv,1
datasets/Oral_5_20/karan.p/POPR0137.csv,1
datasets/Oral_5_20/karan.p/POPR0105.csv,1
datasets/Oral_5_20/karan.p/POPR0207.csv,1
datasets/Oral_5_20/karan.p/POPR0072.csv,1
datasets/Oral_5_20/karan.p/5617_POPR0404.csv,0
datasets/Oral_5_20/karan.p/5596_POPR0402.csv,0
datasets/Oral_5_20/karan.p/POPR0136.csv,1
datasets/Oral_5_20/karan.p/5620_POPR0407.csv,0
datasets/Oral_5_20/karan.p/POPR0046.csv,1
datasets/Oral_5_20/karan.p/5454_POPR0332.csv,1
datasets/Oral_5_20/karan.p/POPR0016.csv,0
datasets/Oral_5_20/karan.p/5599_POPR0425.csv,0
datasets/Oral_5_20/karan.p/5074_POPR0288.csv,0
datasets/Oral_5_20/karan.p/5061_POPR0275.csv,1
datasets/Oral_5_20/karan.p/4973_POPR0244.csv,1
datasets/Oral_5_20/karan.p/POPR0117.csv,1
datasets/Oral_5_20/karan.p/5587_POPR0371.csv,0
datasets/Oral_5_20/karan.p/5641_POPR0430.csv,0
datasets/Oral_5_20/karan.p/POPR0189.csv,0
datasets/Oral_5_20/karan.p/5592_POPR0376.csv,0
datasets/Oral_5_20/karan.p/POPR0192.csv,1
datasets/Oral_5_20/karan.p/POPR0026.csv,0
datasets/Oral_5_20/karan.p/5414_POPR0290.csv,0
datasets/Oral_5_20/karan.p/POPR0223.csv,0
datasets/Oral_5_20/karan.p/POPR0060.csv,0
datasets/Oral_5_20/karan.p/POPR0103.csv,0
datasets/Oral_5_20/karan.p/4989_POPR0263.csv,1
datasets/Oral_5_20/karan.p/5610_POPR0395.csv,1
datasets/Oral_5_20/karan.p/4994_POPR0268.csv,0
datasets/Oral_5_20/karan.p/POPR0232.csv,1
datasets/Oral_5_20/karan.p/POPR0160.csv,0
datasets/Oral_5_20/karan.p/POPR0194.csv,1
datasets/Oral_5_20/karan.p/POPR0069.csv,0
datasets/Oral_5_20/karan.p/5416_POPR0292.csv,1
datasets/Oral_5_20/karan.p/5423_POPR0299.csv,1
datasets/Oral_5_20/karan.p/POPR0128.csv,0
datasets/Oral_5_20/karan.p/5060_POPR0274.csv,1
datasets/Oral_5_20/karan.p/POPR0171.csv,1
datasets/Oral_5_20/karan.p/POPR0159.csv,0
datasets/Oral_5_20/karan.p/5605_POPR0390.csv,0
datasets/Oral_5_20/karan.p/5671_POPR0458.csv,0
datasets/Oral_5_20/karan.p/POPR0165.csv,1
datasets/Oral_5_20/karan.p/POPR0161.csv,0
datasets/Oral_5_20/karan.p/5644_POPR0433.csv,1
datasets/Oral_5_20/karan.p/POPR0018.csv,1
datasets/Oral_5_20/karan.p/POPR0040.csv,1
datasets/Oral_5_20/karan.p/POPR0095.csv,1
datasets/Oral_5_20/karan.p/5415_POPR0291.csv,0
datasets/Oral_5_20/karan.p/POPR0045.csv,1
datasets/Oral_5_20/karan.p/5468_POPR0347.csv,0
datasets/Oral_5_20/karan.p/POPR0114.csv,0
datasets/Oral_5_20/karan.p/POPR0066.csv,0
datasets/Oral_5_20/karan.p/5463_POPR0342.csv,0
datasets/Oral_5_20/karan.p/4971_POPR0245.csv,1
datasets/Oral_5_20/karan.p/POPR0038.csv,0
datasets/Oral_5_20/karan.p/POPR0218.csv,1
datasets/Oral_5_20/karan.p/POPR0058.csv,1
datasets/Oral_5_20/karan.p/5588_POPR0372.csv,0
datasets/Oral_5_20/karan.p/POPR0097.csv,1
datasets/Oral_5_20/karan.p/5642_POPR0431.csv,0
datasets/Oral_5_20/karan.p/5069_POPR0283.csv,1
datasets/Oral_5_20/karan.p/5666_POPR0453.csv,1
datasets/Oral_5_20/karan.p/5653_POPR0441.csv,0
datasets/Oral_5_20/karan.p/POPR0172.csv,1
datasets/Oral_5_20/karan.p/5638_POPR0427.csv,1
datasets/Oral_5_20/karan.p/POPR0089.csv,0
datasets/Oral_5_20/karan.p/5645_POPR0434.csv,0
datasets/Oral_5_20/karan.p/4974_POPR0247.csv,0
datasets/Oral_5_20/karan.p/POPR0071.csv,1
datasets/Oral_5_20/karan.p/POPR0133.csv,1
datasets/Oral_5_20/karan.p/POPR0023.csv,0
datasets/Oral_5_20/karan.p/POPR0127.csv,1
datasets/Oral_5_20/karan.p/POPR0027.csv,1
datasets/Oral_5_20/karan.p/POPR0087.csv,0
datasets/Oral_5_20/karan.p/5695_POPR0459.csv,0
datasets/Oral_5_20/karan.p/5654_POPR0442.csv,0
datasets/Oral_5_20/karan.p/5648_POPR0437.csv,0
datasets/Oral_5_20/karan.p/4998_POPR0269.csv,0
datasets/Oral_5_20/karan.p/POPR0170.csv,1
datasets/Oral_5_20/karan.p/5075_POPR0289.csv,0
datasets/Oral_5_20/karan.p/POPR0234.csv,1
datasets/Oral_5_20/karan.p/POPR0238.csv,1
datasets/Oral_5_20/karan.p/5643_POPR0432.csv,1
datasets/Oral_5_20/karan.p/POPR0047.csv,1
datasets/Oral_5_20/karan.p/5589_POPR0373.csv,0
datasets/Oral_5_20/karan.p/POPR0135.csv,0
datasets/Oral_5_20/karan.p/POPR0158.csv,0
datasets/Oral_5_20/karan.p/5445_POPR0321.csv,0
datasets/Oral_5_20/karan.p/POPR0155.csv,0
datasets/Oral_5_20/karan.p/POPR0101.csv,0
datasets/Oral_5_20/karan.p/POPR0063.csv,0
datasets/Oral_5_20/karan.p/5691_POPR0300.csv,0
datasets/Oral_5_20/karan.p/POPR0051.csv,0
datasets/Oral_5_20/karan.p/5668_POPR0455.csv,1
datasets/Oral_5_20/karan.p/5609_POPR0394.csv,0
datasets/Oral_5_20/karan.p/POPR0104.csv,0
datasets/Oral_5_20/karan.p/POPR0209.csv,1
datasets/Oral_5_20/karan.p/POPR0037.csv,0
datasets/Oral_5_20/karan.p/POPR0057.csv,1
datasets/Oral_5_20/karan.p/POPR0138.csv,1
datasets/Oral_5_20/karan.p/POPR0187.csv,0
datasets/Oral_5_20/karan.p/POPR0196.csv,1
datasets/Oral_5_20/karan.p/5421_POPR0296.csv,1
datasets/Oral_5_20/karan.p/5443_POPR0319.csv,0
datasets/Oral_5_20/karan.p/5420_POPR0295.csv,0
datasets/Oral_5_20/karan.p/5464_POPR0343.csv,0
datasets/Oral_5_20/karan.p/5626_POPR0414.csv,0
datasets/Oral_5_20/karan.p/POPR0112.csv,0
datasets/Oral_5_20/karan.p/POPR0163.csv,1
datasets/Oral_5_20/karan.p/5682_POPR0384.csv,0
datasets/Oral_5_20/karan.p/4981_POPR0254.csv,1
datasets/Oral_5_20/karan.p/5603_POPR0388.csv,1
datasets/Oral_5_20/karan.p/POPR0062.csv,0
datasets/Oral_5_20/karan.p/POPR0042.csv,0
datasets/Oral_5_20/karan.p/POPR0014.csv,1
datasets/Oral_5_20/karan.p/POPR0225.csv,1
datasets/Oral_5_20/karan.p/5613_POPR0399.csv,0
datasets/Oral_5_20/karan.p/POPR0205.csv,1
datasets/Oral_5_20/karan.p/POPR0203.csv,0
datasets/Oral_5_20/karan.p/5621_POPR0409.csv,0
datasets/Oral_5_20/karan.p/5674_POPR0461.csv,0
datasets/Oral_5_20/karan.p/POPR0202.csv,0
datasets/Oral_5_20/karan.p/POPR0036.csv,0
datasets/Oral_5_20/karan.p/POPR0175.csv,1
datasets/Oral_5_20/karan.p/POPR0183.csv,0
datasets/Oral_5_20/karan.p/5072_POPR0286.csv,1
datasets/Oral_5_20/karan.p/5441_POPR0317.csv,0
datasets/Oral_5_20/karan.p/POPR0013.csv,1
datasets/Oral_5_20/karan.p/4977_POPR0250.csv,1
datasets/Oral_5_20/karan.p/5449_POPR0325.csv,1
datasets/Oral_5_20/karan.p/POPR0091.csv,0
datasets/Oral_5_20/karan.p/5438_POPR0314.csv,0
datasets/Oral_5_20/karan.p/5439_POPR0315.csv,0
datasets/Oral_5_20/karan.p/POPR0241.csv,0
datasets/Oral_5_20/karan.p/POPR0119.csv,0
datasets/Oral_5_20/karan.p/POPR0110.csv,1
datasets/Oral_5_20/karan.p/5427_POPR0303.csv,0
datasets/Oral_5_20/karan.p/5670_POPR0457.csv,0
datasets/Oral_5_20/karan.p/POPR0048.csv,1
datasets/Oral_5_20/karan.p/5469_POPR0348.csv,0
datasets/Oral_5_20/karan.p/POPR0115.csv,0
datasets/Oral_5_20/karan.p/5649_POPR0438.csv,1
datasets/Oral_5_20/karan.p/5453_POPR0331.csv,1
datasets/Oral_5_20/karan.p/5677_POPR0379.csv,0
datasets/Oral_5_20/karan.p/5432_POPR0308.csv,1
datasets/Oral_5_20/karan.p/POPR0035.csv,0
datasets/Oral_5_20/karan.p/POPR0106.csv,0
datasets/Oral_5_20/karan.p/POPR0017.csv,0
datasets/Oral_5_20/karan.p/5685_POPR0403.csv,0
datasets/Oral_5_20/karan.p/4995_POPR0257.csv,0
datasets/Oral_5_20/karan.p/5062_POPR0276.csv,0
datasets/Oral_5_20/karan.p/POPR0193.csv,1
datasets/Oral_5_20/karan.p/POPR0092.csv,0
datasets/Oral_5_20/karan.p/POPR0090.csv,0
datasets/Oral_5_20/karan.p/POPR0231.csv,0
datasets/Oral_5_20/karan.p/5437_POPR0313.csv,0
datasets/Oral_5_20/karan.p/5456_POPR0334.csv,1
datasets/Oral_5_20/karan.p/POPR0126.csv,0
datasets/Oral_5_20/karan.p/5602_POPR0387.csv,0
datasets/Oral_5_20/karan.p/POPR0167.csv,1
datasets/Oral_5_20/karan.p/POPR0169.csv,0
datasets/Oral_5_20/karan.p/POPR0122.csv,1
datasets/Oral_5_20/karan.p/5662_POPR0450.csv,1
datasets/Oral_5_20/karan.p/POPR0113.csv,0
datasets/Oral_5_20/karan.p/4976_POPR0249.csv,1
datasets/Oral_5_20/karan.p/POPR0230.csv,0
datasets/Oral_5_20/karan.p/POPR0075.csv,0
datasets/Oral_5_20/karan.p/5600_POPR0447.csv,1
datasets/Oral_5_20/karan.p/POPR0206.csv,1
datasets/Oral_5_20/karan.p/5466_POPR0345.csv,0
datasets/Oral_5_20/karan.p/POPR0154.csv,0
datasets/Oral_5_20/karan.p/5663_POPR0451.csv,0
datasets/Oral_5_20/karan.p/POPR0191.csv,0
datasets/Oral_5_20/karan.p/POPR0098.csv,1
datasets/Oral_5_20/karan.p/5442_POPR0318.csv,0
datasets/Oral_5_20/karan.p/POPR0224(1).csv,1
datasets/Oral_5_20/karan.p/POPR0011.csv,1
datasets/Oral_5_20/karan.p/5681_POPR0383.csv,0
datasets/Oral_5_20/karan.p/4982_POPR0255.csv,1
datasets/Oral_5_20/karan.p/POPR0174.csv,1
datasets/Oral_5_20/karan.p/POPR0099.csv,0
datasets/Oral_5_20/karan.p/POPR0201.csv,0
datasets/Oral_5_20/karan.p/POPR0168.csv,1
datasets/Oral_5_20/karan.p/POPR0078.csv,1
datasets/Oral_5_20/karan.p/5418_POPR0294.csv,0
datasets/Oral_5_20/karan.p/POPR0190.csv,0
datasets/Oral_5_20/karan.p/5593_POPR0377.csv,0
datasets/Oral_5_20/karan.p/5634_POPR0423.csv,1
datasets/Oral_5_20/karan.p/POPR0108.csv,1
datasets/Oral_5_20/karan.p/POPR0102.csv,0
datasets/Oral_5_20/karan.p/5455_POPR0333.csv,1
datasets/Oral_5_20/karan.p/POPR0074.csv,1
datasets/Oral_5_20/karan.p/POPR0208.csv,1
datasets/Oral_5_20/karan.p/POPR0073.csv,1
datasets/Oral_5_20/karan.p/5067_POPR0281.csv,0
datasets/Oral_5_20/karan.p/POPR0124.csv,0
datasets/Oral_5_20/karan.p/5458_POPR0336.csv,0
datasets/Oral_5_20/karan.p/4970_POPR0242.csv,1
datasets/Oral_5_20/karan.p/POPR0186.csv,0
datasets/Oral_5_20/karan.p/5637_POPR0426.csv,1
datasets/Oral_5_20/karan.p/POPR0129.csv,0
datasets/Oral_5_20/karan.p/POPR0076.csv,0
datasets/Oral_5_20/karan.p/5440_POPR0316.csv,0
datasets/Oral_5_20/karan.p/POPR0121.csv,1
datasets/Oral_5_20/karan.p/5429_POPR0305.csv,0
datasets/Oral_5_20/karan.p/5939_POPR0466.csv,1
datasets/Oral_5_20/karan.p/5614_POPR0400.csv,0
datasets/Oral_5_20/karan.p/5623_POPR0410.csv,0
datasets/Oral_5_20/karan.p/POPR0130.csv,0
datasets/Oral_5_20/karan.p/5624_POPR0411.csv,0
datasets/Oral_5_20/karan.p/4979_POPR0252.csv,1
datasets/Oral_5_20/karan.p/POPR0015.csv,1
datasets/Oral_5_20/karan.p/5631_POPR0419.csv,0
datasets/Oral_5_20/karan.p/POPR0156.csv,0
datasets/Oral_5_20/karan.p/5591_POPR0375.csv,0
datasets/Oral_5_20/karan.p/5606_POPR0391.csv,0
datasets/Oral_5_20/karan.p/POPR0142.csv,0
datasets/Oral_5_20/karan.p/POPR0111.csv,0
datasets/Oral_5_20/karan.p/POPR0028.csv,1
datasets/Oral_5_20/karan.p/5065_POPR0279.csv,1
datasets/Oral_5_20/karan.p/POPR0100.csv,0
datasets/Oral_5_20/karan.p/POPR0049.csv,1
datasets/Oral_5_20/karan.p/5646_POPR0435.csv,0
datasets/Oral_5_20/karan.p/POPR0079.csv,1
datasets/Oral_5_20/karan.p/POPR0043.csv,0
datasets/Oral_5_20/karan.p/POPR0044.csv,1
datasets/Oral_5_20/karan.p/POPR0150.csv,1
datasets/Oral_5_20/karan.p/4992_POPR0266.csv,0
datasets/Oral_5_20/karan.p/POPR0033.csv,1
datasets/Oral_5_20/karan.p/POPR0088.csv,0
datasets/Oral_5_20/karan.p/POPR0198.csv,1
datasets/Oral_5_20/karan.p/5938_POPR0467.csv,1
datasets/Oral_5_20/karan.p/POPR0025.csv,1
datasets/Oral_5_20/karan.p/5465_POPR0344.csv,1
datasets/Oral_5_20/karan.p/5459_POPR0337.csv,0
datasets/Oral_5_20/karan.p/5615_POPR0401.csv,0
